sonu s.sonupatra@gmail.com 9776308501 22 male ssonupatra12@ ssonupatra12@,sonu s.sonupatra@gmail.com 9776308501 22 male ssonupatra12@ ssonupatra12@,rose rose@gmail.com 8786868767 23 female rosE1234@ resE1234@,sonu s.sonupatra@gmail.com 9776308501 22 male ssonupatra12@ ssonupatra12@,sonu s.sonupatra@gmail.com 9776308501 22 male ssonupatra12@ ssonupatra12@,sonu s.sonupatra@gmail.com 9776308501 22 male ssonupatra12@ ssonupatra12@,sonu s.sonupatra@gmail.com 9776308501 22 male ssonupatra12@ ssonupatra12@,sonu s.sonupatra@gmail.com 9776308501 22 male ssonupatra12@ ssonupatra12@,sonu s.sonupatra@gmail.com 9776308501 22 male ssonupatra12@ ssonupatra12@,sonu s.sonupatra@gmail.com 9776308501 22 male ssonupatra12@ ssonupatra12@,roshni roshni@gmail.com 9569495453 32 female Roshni@123 Roshni@124,sonu s.sonupatra@gmail.com 9776308501 22 male ssonupatra12@ ssonupatra12@,roshni roshni@gmail.com 9439485334 32 female Roshni12@ Roshni123@,sonu s.sonupatra@gmail.com 9776308501 22 male ssonupatra12@ ssonupatra12@,roshni roshni@gmail.com 927934732 33 female Roshni12@ Roshni12@,sonu s.sonupatra@gmail.com 9776308501 22 male ssonupatra12@ ssonupatra12@,roshni roshni@gmail.com 9823947932 22 female Roshni@13 Roshni@13,sonu s.sonupatra@gmail.com 9776308501 22 male ssonupatra12@ ssonupatra12@,roshni roshni@gmail.com 974857348 23 female Roshni12@ Roshni12@,sonu s.sonupatra@gmail.com 9776308501 22 male ssonupatra12@ ssonupatra12@,roshni roshni@gmail.com 9349338923 23 female Roshni12@ Roshni12@,roshni roshni@gmail.com 93748578345 23 female Roshni@12 Roshni@12,roshni roshni@gmail.com 9743837334 24 female Roshni@12 Roshni@12,